2019-12-30,29833.17,29852.55,29718.67,29762.6,29762.6,271910000
2019-12-29,29835.46,29878.44,29788.94,29819.78,29819.78,272040000
2019-12-28,29964.31,29981.11,29827.31,29833.68,29833.68,288350000
2019-12-27,29943.46,29980.24,29939.8,29945.04,29945.04,158540000
2019-12-23,29908.61,29934.15,29899.06,29933.81,29933.81,158260000
2019-12-22,29922.68,29933.83,29882.19,29918.88,29918.88,258290000
2019-12-21,29968.97,29986.56,29941.96,29941.96,29941.96,256640000
2019-12-20,29920.59,29987.63,29920.42,29974.62,29974.62,284080000
2019-12-19,29836.66,29917.78,29832.95,29883.06,29883.06,302310000
2019-12-16,29909.01,29923.17,29821,29843.41,29843.41,573470000
2019-12-15,29811.5,29951.29,29811.5,29852.24,29852.24,357350000
2019-12-14,29876.13,29966.43,29748.67,29792.53,29792.53,408430000
2019-12-13,29852.21,29953.75,29846.45,29911.21,29911.21,388420000
2019-12-12,29770.2,29824.59,29747.74,29796.43,29796.43,333660000
2019-12-09,29631.35,29757.74,29623.19,29756.85,29756.85,334470000
2019-12-08,29559.94,29664.97,29527.83,29614.81,29614.81,324570000
2019-12-07,29241.99,29558.42,29229.83,29549.62,29549.62,385200000
2019-12-06,29219.91,29255.89,29184.74,29251.78,29251.78,284960000
2019-12-05,29244.35,29274.85,29186.73,29216.24,29216.24,317800000
2019-12-02,29161.25,29196.14,29141.18,29170.42,29170.42,84920000
2019-12-01,29149.2,29214.3,29138.79,29191.93,29191.93,108800000
2019-11-30,29135.64,29225.29,29123.38,29123.58,29123.58,164570000
2019-11-29,29064.07,29144.4,29062.22,29121.6,29121.6,81510000
2019-11-28,29122.14,29138.72,29072.25,29097.9,29097.9,88460000
2019-11-25,29093.72,29152.14,29093.72,29152.14,29152.14,45890000
2019-11-23,29015.52,29083.76,29000.38,29083.18,29083.18,77880000
2019-11-22,28970.39,29043.9,28962.82,29023.87,29023.87,85310000
2019-11-21,28898.68,28960.76,28883.1,28956.69,28956.69,80520000
2019-11-18,28905.33,28915.74,28853.83,28867.93,28867.93,109880000
2019-11-17,28866.22,28904.03,28845.27,28903.82,28903.82,89940000
2019-11-16,28909.85,28909.85,28825.89,28868.14,28868.14,87320000
2019-11-15,28858.21,28925.26,28806.06,28923.06,28923.06,100660000
2019-11-14,28876.77,28934.05,28815.75,28868.69,28868.69,112250000
2019-11-11,28781.65,28855.78,28736.96,28847.66,28847.66,107300000
2019-11-10,28603.14,28873.66,28603.14,28807.88,28807.88,164390000
2019-11-09,28317.26,28650.06,28252.55,28589.69,28589.69,273110000
2019-11-08,28251.38,28400.5,28200.75,28332.74,28332.74,79820000
2019-11-07,27994.64,28263.3,27994.64,28259.6,28259.6,93450000
2019-11-04,27928.35,27986.76,27883.56,27888.28,27888.28,97760000
2019-11-03,27978.75,28006.96,27904.07,27930.67,27930.67,77860000
2019-11-02,28017.72,28044.15,27931.89,27959.64,27959.64,88610000
2019-11-01,28158.24,28177.01,27940.84,28037.1,28037.1,101280000
2019-10-31,28176.6,28193.68,28130.58,28142.42,28142.42,110080000
2019-10-28,28193.79,28257.06,28094.97,28161.19,28161.19,107850000
2019-10-27,28234.81,28253.2,28149.2,28169.68,28169.68,83530000
2019-10-26,28103.8,28236.04,28062.3,28199.33,28199.33,86340000
2019-10-25,28206.52,28241.69,28151.7,28169.27,28169.27,83190000
2019-10-24,28197.14,28275.04,28191.18,28223.03,28223.03,88540000
2019-10-21,28152.63,28168.76,28049.77,28145.71,28145.71,117810000
2019-10-20,28161.87,28249.05,28129.07,28162.35,28162.35,88830000
2019-10-19,28178.21,28252.2,28169.25,28202.62,28202.62,88040000
2019-10-18,28145.06,28225.8,28129.45,28161.94,28161.94,74600000
2019-10-17,28135.85,28162.28,28063.02,28086.4,28086.4,75960000
2019-10-14,28177.35,28261.11,28138.38,28138.38,28138.38,87050000
2019-10-13,28088.32,28137.7,27959.95,28098.94,28098.94,83160000
2019-10-12,28132.63,28193.96,28082.09,28144.2,28144.2,72230000
2019-10-11,28308.43,28312.33,28061.96,28128.66,28128.66,88610000
2019-10-10,28282.95,28399.96,28282.95,28329.04,28329.04,72110000
2019-10-07,28295.35,28319.73,28149.35,28240.49,28240.49,82680000
2019-10-06,28280.42,28288.12,28162.97,28268.5,28268.5,78660000
2019-10-05,28205.5,28315.82,28205.5,28281.03,28281.03,76190000
2019-10-04,28267.68,28313.77,28116.26,28168.45,28168.45,79710000
2019-10-03,28279.6,28279.8,28203.75,28253.85,28253.85,68520000
2019-09-30,28181.8,28369.62,28181.8,28308.15,28308.15,135470000
2019-09-29,28322.88,28366.23,28091.64,28143.45,28143.45,95880000
2019-09-28,28240.22,28349.86,28179.34,28339.24,28339.24,97650000
2019-09-27,28099.21,28238.1,28052.16,28228.3,28228.3,84130000
2019-09-26,28217.76,28217.76,28083.32,28094.83,28094.83,95510000
2019-09-23,28377.36,28383.76,28254.84,28261.45,28261.45,87170000
2019-09-22,28343.76,28449.88,28343.76,28392.46,28392.46,73030000
2019-09-21,28164.96,28307.43,28121.57,28293.7,28293.7,94090000
2019-09-20,28175.36,28227.21,28128.8,28129.96,28129.96,72450000
2019-09-19,28154.82,28254.88,28093.05,28120.17,28120.17,78090000
2019-09-16,28217.21,28217.21,28070.21,28123.8,28123.8,278510000
2019-09-15,28024.91,28250.11,28015.49,28212.48,28212.48,99550000
2019-09-14,28073.39,28163.48,27992.21,28034.77,28034.77,103360000
2019-09-13,28262.99,28262.99,28028.06,28066.75,28066.75,102830000
2019-09-12,28028.95,28358.69,27994.84,28325.07,28325.07,103260000
2019-09-09,28404.17,28404.17,28085.45,28085.45,28085.45,120670000
2019-09-08,28486.69,28506.24,28446.69,28479.91,28479.91,79060000
2019-09-07,28527.71,28536.89,28474.77,28526.14,28526.14,67570000
2019-09-06,28493.4,28551.54,28450.32,28538.12,28538.12,83710000
2019-09-02,28466.01,28544.76,28439.1,28491.96,28491.96,74350000
2019-09-01,28396.57,28430.05,28295.48,28419.3,28419.3,74780000
2019-08-31,28436.7,28439.68,28333.56,28400.88,28400.88,98250000
2019-08-30,28491.28,28514.29,28408.52,28454.3,28454.3,68920000
2019-08-29,28421.29,28523.09,28419.92,28502.99,28502.99,64480000
2019-08-26,28467.92,28572.09,28335.34,28395.4,28395.4,78730000
2019-08-25,28471.21,28497.68,28431.46,28448.41,28448.41,64480000
2019-08-24,28537.5,28539.15,28448.27,28481.48,28481.48,72270000
2019-08-23,28568.94,28631.6,28545.52,28547.3,28547.3,73990000
2019-08-22,28535.86,28570.92,28466.86,28529.42,28529.42,73450000
2019-08-19,28585.17,28585.17,28491.24,28552.57,28552.57,93170000
2019-08-18,28566.54,28600.82,28533.29,28597.7,28597.7,70740000
2019-08-17,28537.09,28582.35,28468.68,28573.94,28573.94,71000000
2019-08-16,28614.48,28614.86,28550.65,28552.02,28552.02,67570000
2019-08-15,28588.59,28722.61,28559.93,28636.05,28636.05,62350000
2019-08-12,28595.65,28606.06,28535.86,28576.47,28576.47,61580000
2019-08-11,28519.08,28638.34,28519.08,28613.52,28613.52,71470000
2019-08-10,28541.48,28561.75,28468.78,28495.66,28495.66,62780000
2019-08-09,28538.05,28585.32,28507.75,28533.05,28533.05,60090000
2019-08-08,28541.89,28569.31,28502.03,28529.29,28529.29,71810000
2019-08-05,28402.8,28543.53,28402.8,28543.53,28543.53,92420000
2019-08-04,28351.43,28397.87,28325.17,28352.05,28352.05,64500000
2019-08-03,28313.08,28355,28283.23,28355,28355,78550000
2019-08-02,28401.15,28403.65,28247.79,28313.77,28313.77,89680000
2019-08-01,28434.5,28467.03,28355.75,28404.51,28404.51,83470000
2019-07-29,28442.52,28466.55,28371.12,28432.24,28432.24,111550000
2019-07-28,28461.01,28483.26,28368.82,28456.35,28456.35,85750000
2019-07-27,28473.27,28542.39,28430.94,28472.17,28472.17,111370000
2019-07-26,28497.37,28522.47,28387.22,28473.75,28473.75,85370000
2019-07-25,28554.49,28555.69,28452.62,28493.06,28493.06,76810000
2019-07-22,28524.15,28571.3,28491.59,28570.85,28570.85,87710000
2019-07-21,28589.96,28590.44,28469.67,28517.23,28517.23,86800000
2019-07-20,28582.7,28622.01,28555.65,28595.03,28595.03,93230000
2019-07-19,28503.12,28562.53,28495.11,28559.01,28559.01,85840000
2019-07-18,28521.55,28556.13,28489.84,28533.05,28533.05,75540000
2019-07-15,28508.88,28557.43,28471.62,28516.55,28516.55,123690000
2019-07-14,28414.3,28537.57,28414.3,28506.41,28506.41,87050000
2019-07-13,28356.78,28390.16,28315.76,28372.12,28372.12,80920000
2019-07-12,28259.12,28371.95,28259.12,28347.67,28347.67,90170000
2019-07-11,28161.53,28283.9,28161.53,28226.93,28226.93,80880000
2019-07-08,27971.22,28166.77,27971.22,28146.74,28146.74,93460000
2019-07-07,27924.24,27984.95,27816.65,27895.88,27895.88,81570000
2019-07-06,27807.47,27926.91,27713.45,27918.62,27918.62,93000000
2019-07-05,27904.45,27904.45,27785.28,27840.62,27840.62,103650000
2019-07-01,27924.24,28002.38,27916.91,27949.37,27949.37,82160000
2019-06-30,27712.76,27930.61,27711.8,27929.99,27929.99,133030000
2019-06-29,27456.02,27704.51,27456.02,27694.68,27694.68,106380000
2019-06-28,27190.51,27409.72,27190.51,27409.72,27409.72,112190000
2019-06-27,27355.21,27355.21,27063.08,27140.24,27140.24,138740000
2019-06-24,27946.63,27946.63,27356.34,27400.75,27400.75,239000000
2019-06-23,27844.11,28011.07,27844.11,28011.07,28011.07,98070000
2019-06-22,27832.67,27920.16,27770.36,27780.83,27780.83,89440000
2019-06-21,27827.33,27877.84,27799.8,27829.73,27829.73,85130000
2019-06-20,27736.87,27946.36,27736.87,27804.87,27804.87,99380000
2019-06-19,27602.23,27754.91,27471.29,27733.1,27733.1,91950000
2019-06-18,26228.9,26527.19,26227.8,26465.54,26465.54,273490000
2019-06-17,26108.53,26165.78,26049.8,26112.53,26112.53,199500000
2019-06-14,26076.36,26162.28,25988.09,26089.61,26089.61,208020000
2019-06-13,26036.94,26146.91,25995.71,26106.77,26106.77,213400000
2019-06-12,26040.3,26082.1,25958.66,26004.83,26004.83,223690000
2019-06-11,26180.59,26248.67,25998.87,26048.51,26048.51,253490000
2019-06-10,26090.22,26210.61,26054.31,26062.68,26062.68,249280000
2019-06-07,25768.72,26072.75,25768.72,25983.94,25983.94,263010000
2019-06-06,25567.45,25800.3,25518.05,25720.66,25720.66,248070000
2019-06-05,25451,25544.66,25373.58,25539.57,25539.57,262660000
2019-06-04,24962.82,25343.77,24962.82,25332.18,25332.18,281690000
2019-06-03,24830.16,24935.21,24680.57,24819.78,24819.78,328240000
2019-05-31,25046.31,25046.31,24809.51,24815.04,24815.04,292230000
2019-05-30,25139.94,25218.54,25066.75,25169.88,25169.88,215240000
2019-05-29,25231.46,25231.46,24938.24,25126.41,25126.41,298930000
2019-05-28,25616.55,25717.63,25342.28,25347.77,25347.77,358980000
2019-05-24,25551.07,25670.81,25496.2,25585.69,25585.69,201370000
2019-05-23,25657.99,25657.99,25328.09,25490.47,25490.47,316940000
2019-05-22,25818.46,25878.21,25755.11,25776.61,25776.61,241760000
2019-05-21,25782.34,25898.27,25779.61,25877.33,25877.33,260870000
2019-05-20,25655.31,25751.71,25560.55,25679.9,25679.9,279560000
2019-05-17,25719.95,25948.74,25657.78,25764,25764,283760000
2019-05-16,25692.14,25957.63,25692.14,25862.68,25862.68,320960000
2019-05-15,25400.13,25724.89,25341.94,25648.02,25648.02,270720000
2019-05-14,25384.03,25688.96,25384.03,25532.05,25532.05,291570000
2019-05-13,25568.06,25568.06,25222.51,25324.99,25324.99,361240000
2019-05-10,25763.72,26019.32,25469.86,25942.37,25942.37,294580000
2019-05-09,25878.85,25884.89,25517.39,25828.36,25828.36,334760000
2019-05-08,25933.79,26118.1,25889.41,25967.33,25967.33,276420000
2019-05-07,26276.9,26276.9,25789.71,25965.09,25965.09,334960000
2019-05-06,26160.62,26476.27,26033.95,26438.48,26438.48,283020000
2019-05-03,26379.14,26534.96,26370.09,26504.95,26504.95,248900000
2019-05-02,26407.15,26454.69,26180.36,26307.79,26307.79,287610000
2019-05-01,26639.06,26689.39,26426.38,26430.14,26430.14,303850000
2019-04-30,26594.56,26614.04,26419.47,26592.91,26592.91,340320000
2019-04-29,26559.87,26602.54,26520.75,26554.39,26554.39,279450000
2019-04-26,26454.62,26543.56,26392.55,26543.33,26543.33,317290000
2019-04-25,26426.37,26536.48,26310.28,26462.08,26462.08,296730000
2019-04-24,26652.56,26680.58,26582.86,26597.05,26597.05,283370000
2019-04-23,26513.83,26695.96,26503.56,26656.39,26656.39,311690000
2019-04-22,26510.77,26553.05,26458.61,26511.05,26511.05,232570000
2019-04-18,26463.37,26602.42,26444.53,26559.54,26559.54,332850000
2019-04-17,26468.53,26501.02,26391.86,26449.54,26449.54,367780000
2019-04-16,26482.19,26530.71,26397.19,26452.66,26452.66,302340000
2019-04-15,26407.76,26424.85,26316.42,26384.77,26384.77,250620000
2019-04-12,26357.79,26436.68,26309.72,26412.3,26412.3,369910000
2019-04-11,26188.21,26229.88,26062.59,26143.05,26143.05,211680000
2019-04-10,26173.71,26209.49,26101.24,26157.16,26157.16,203130000
2019-04-09,26243.54,26246.34,26103.14,26150.58,26150.58,244410000
2019-04-08,26312.67,26344.65,26246.03,26341.02,26341.02,229380000
2019-04-05,26427.56,26487.57,26370.82,26424.99,26424.99,229550000
2019-04-04,26213.42,26398.9,26212.78,26384.63,26384.63,233040000
2019-04-03,26238.03,26282.17,26138.47,26218.13,26218.13,271980000
2019-04-02,26213.55,26221.24,26122.31,26179.13,26179.13,250940000
2019-04-01,26075.1,26280.9,26071.69,26258.42,26258.42,295570000
2019-03-29,25827.31,25949.32,25771.67,25928.68,25928.68,300620000
2019-03-28,25693.32,25743.41,25576.69,25717.46,25717.46,237170000
2019-03-27,25676.34,25758.17,25425.27,25625.59,25625.59,270340000
2019-03-26,25649.56,25796.29,25544.78,25657.73,25657.73,305110000
2019-03-25,25490.72,25603.27,25372.26,25516.83,25516.83,303120000
2019-03-22,25844.65,25877.01,25501.45,25502.32,25502.32,386510000
2019-03-21,25688.44,26009.9,25657.78,25962.51,25962.51,335250000
2019-03-20,25867.79,25929.52,25670.63,25745.67,25745.67,321980000
2019-03-19,25987.87,26109.68,25814.92,25887.38,25887.38,342250000
2019-03-18,25801.88,25924.77,25785.66,25914.1,25914.1,399530000
2019-03-15,25720.96,25927.91,25649.7,25848.87,25848.87,616910000
2019-03-14,25692.31,25752.84,25621.31,25709.94,25709.94,302790000
2019-03-13,25637.23,25776.49,25571.31,25702.89,25702.89,331410000
2019-03-12,25600.3,25675.44,25522.17,25554.66,25554.66,317730000
2019-03-11,25208,25661.63,25208,25650.88,25650.88,309790000
2019-03-08,25347.38,25466.14,25252.46,25450.24,25450.24,270500000
2019-03-07,25645.45,25645.45,25352.55,25473.23,25473.23,289140000
2019-03-06,25818.76,25837.61,25633.71,25673.46,25673.46,256250000
2019-03-05,25829.07,25877.15,25725.63,25806.63,25806.63,252260000
2019-03-04,26122.19,26155.98,25611.55,25819.65,25819.65,295510000
2019-03-01,26019.67,26143.92,25914.37,26026.32,26026.32,289890000
2019-02-28,25984.28,26029.21,25896.56,25916,25916,338520000
2019-02-27,25995.6,26039.68,25877.24,25985.16,25985.16,255380000
2019-02-26,26051.61,26155.29,25966.01,26057.98,26057.98,257850000
2019-02-25,26126.15,26241.42,26080.66,26091.95,26091.95,281600000
2019-02-22,25906.27,26052.9,25906.27,26031.81,26031.81,279760000
2019-02-21,25922.41,25938.88,25762.21,25850.63,25850.63,255710000
2019-02-20,25872.26,25986.2,25846.48,25954.44,25954.44,287880000
2019-02-19,25849.85,25961.44,25820.01,25891.32,25891.32,280620000
2019-02-15,25564.63,25883.72,25564.63,25883.25,25883.25,328530000
2019-02-14,25460.65,25558.9,25308.09,25439.39,25439.39,313010000
2019-02-13,25480.86,25625.95,25480.86,25543.27,25543.27,263330000
2019-02-12,25152.03,25458.98,25152.03,25425.76,25425.76,278110000
2019-02-11,25142.81,25196.75,25009.1,25053.11,25053.11,241700000
2019-02-08,25042.36,25106.39,24883.04,25106.33,25106.33,248210000
2019-02-07,25265.81,25314.26,25000.52,25169.53,25169.53,295460000
2019-02-06,25371.57,25439.04,25312.06,25390.3,25390.3,247590000
2019-02-05,25287.93,25427.32,25287.65,25411.52,25411.52,310650000
2019-02-04,25062.12,25239.91,24977.67,25239.37,25239.37,298540000
2019-02-01,25025.31,25193.15,24982.49,25063.89,25063.89,372090000
2019-01-31,24954.48,25049.62,24842.09,24999.67,24999.67,507350000
2019-01-30,24826.52,25109.62,24790.9,25014.86,25014.86,397330000
2019-01-29,24519.62,24674.87,24504.04,24579.96,24579.96,330870000
2019-01-28,24596.98,24596.98,24323.94,24528.22,24528.22,347170000
2019-01-25,24687.21,24860.15,24676.75,24737.2,24737.2,376890000
2019-01-24,24579.96,24626.3,24422.73,24553.24,24553.24,320170000
2019-01-23,24577.25,24700.98,24307.17,24575.62,24575.62,318600000
2019-01-22,24607.76,24607.76,24244.31,24404.48,24404.48,338480000
2019-01-18,24534.19,24750.22,24459.03,24706.35,24706.35,372970000
2019-01-17,24147.09,24474.46,24088.9,24370.1,24370.1,288590000
2019-01-16,24139.91,24288.61,24119.72,24207.16,24207.16,302830000
2019-01-15,23914.11,24099.14,23887.93,24065.59,24065.59,291570000
2019-01-14,23880.53,23964.9,23765.24,23909.84,23909.84,277560000
2019-01-11,23940.01,23996.32,23798.16,23995.95,23995.95,262650000
2019-01-10,23811.11,24014.78,23703.25,24001.92,24001.92,338150000
2019-01-09,23844.27,23985.45,23776.56,23879.12,23879.12,324570000
2019-01-08,23680.32,23864.65,23581.45,23787.45,23787.45,317420000
2019-01-07,23474.26,23687.74,23301.59,23531.35,23531.35,334200000
2019-01-04,22894.92,23518.64,22894.92,23433.16,23433.16,396020000
2019-01-03,23176.39,23176.39,22638.41,22686.22,22686.22,424240000
2019-01-02,23058.61,23413.47,22928.59,23346.24,23346.24,321570000
2018-12-31,23153.94,23333.18,23118.3,23327.46,23327.46,288830000
2018-12-28,23213.61,23381.88,22981.33,23062.4,23062.4,336510000
2018-12-27,22629.06,23138.89,22267.42,23138.82,23138.82,407940000
2018-12-26,21857.73,22878.92,21712.53,22878.45,22878.45,433080000
2018-12-24,22317.28,22339.87,21792.2,21792.2,21792.2,308420000
2018-12-21,22871.74,23254.59,22396.34,22445.37,22445.37,900510000
2018-12-20,23224.12,23282.2,22644.31,22859.6,22859.6,576700000
2018-12-19,23693.33,24057.34,23162.64,23323.66,23323.66,503550000
2018-12-18,23769.13,23927.77,23516.02,23675.64,23675.64,408070000
2018-12-17,23986.83,24088.08,23456.88,23592.98,23592.98,466740000
2018-12-14,24408.04,24431.14,24033.79,24100.51,24100.51,416940000
2018-12-13,24575.86,24740.96,24473.29,24597.38,24597.38,299970000
2018-12-12,24509.09,24828.29,24509.09,24527.27,24527.27,344330000
2018-12-11,24719.91,24791.26,24221.06,24370.24,24370.24,342960000
2018-12-10,24360.95,24500.81,23881.37,24423.26,24423.26,389690000
2018-12-07,24918.82,25095.62,24284.78,24388.95,24388.95,398230000
2018-12-06,24737.42,24951.01,24242.22,24947.67,24947.67,471690000
2018-12-04,25752.56,25773.12,25008.11,25027.07,25027.07,418900000
2018-12-03,25779.57,25980.21,25670.51,25826.43,25826.43,388480000
2018-11-30,25307.14,25549.71,25250.97,25538.46,25538.46,482250000
2018-11-29,25343.65,25479.04,25202.79,25338.84,25338.84,305110000
2018-11-28,24832.84,25368.93,24832.84,25366.43,25366.43,362160000
2018-11-27,24557.02,24750.73,24416.03,24748.73,24748.73,308250000
2018-11-26,24364.13,24673.29,24364.13,24640.24,24640.24,306280000
2018-11-23,24336.4,24408.8,24268.74,24285.95,24285.95,155940000
2018-11-21,24541.65,24669.79,24463.28,24464.69,24464.69,289370000
2018-11-20,24618.68,24707.26,24368.98,24465.64,24465.64,445920000
2018-11-19,25392.61,25392.61,24900.98,25017.44,25017.44,358090000
2018-11-16,25242.35,25510.23,25147.8,25413.22,25413.22,354460000
2018-11-15,25061.48,25354.56,24787.79,25289.27,25289.27,392750000
2018-11-14,25388.08,25501.29,24935.82,25080.5,25080.5,384240000
2018-11-13,25321.21,25511.03,25193.78,25286.49,25286.49,339690000
2018-11-12,25959.33,25966.71,25340.51,25387.18,25387.18,346910000
2018-11-09,26149.11,26161.49,25882.91,25989.3,25989.3,324450000
2018-11-08,26139.59,26277.82,26081.9,26191.22,26191.22,295650000
2018-11-07,25788.46,26200.14,25765.88,26180.3,26180.3,361780000
2018-11-06,25452.83,25651.86,25444.9,25635.01,25635.01,265450000
2018-11-05,25261.47,25507.35,25261.47,25461.7,25461.7,334740000
2018-11-02,25443.6,25578.98,25078.72,25270.83,25270.83,429480000
2018-11-01,25142.08,25396.47,25108.11,25380.74,25380.74,383970000
2018-10-31,25008.82,25336.55,25008.82,25115.76,25115.76,448930000
2018-10-30,24482.04,24906.68,24415.69,24874.64,24874.64,470050000
2018-10-29,24818.98,25040.58,24122.23,24442.92,24442.92,443850000
2018-10-26,24770.25,24916.16,24445.19,24688.31,24688.31,505310000
2018-10-25,24736.54,25104.29,24645.56,24984.55,24984.55,439670000
2018-10-24,25172.88,25306.23,24533.19,24583.42,24583.42,496400000
2018-10-23,25038.46,25307.7,24768.79,25191.43,25191.43,436430000
2018-10-22,25492.14,25561.34,25236.05,25317.41,25317.41,314940000
2018-10-19,25421.09,25608.71,25350.02,25444.34,25444.34,350810000
2018-10-18,25645.56,25691.46,25236.01,25379.45,25379.45,328020000
2018-10-17,25705.87,25810.09,25479.16,25706.68,25706.68,298210000
2018-10-16,25351.53,25817.68,25351.53,25798.42,25798.42,305800000
2018-10-15,25332.46,25482.42,25243.88,25250.55,25250.55,287320000
2018-10-12,25407.63,25467.55,25000.83,25339.99,25339.99,397510000
2018-10-11,25518.39,25683.64,24899.77,25052.83,25052.83,522880000
2018-10-10,26441.73,26487.87,25567.1,25598.74,25598.74,438200000
2018-10-09,26469.19,26539.94,26324.16,26430.57,26430.57,282560000
2018-10-08,26399.45,26529.35,26223.09,26486.78,26486.78,273020000
2018-10-05,26632.77,26676.16,26301.81,26447.05,26447.05,267100000
2018-10-04,26784.08,26793.82,26471.61,26627.48,26627.48,289600000
2018-10-03,26833.47,26951.81,26789.08,26828.39,26828.39,280130000
2018-10-02,26648.91,26824.78,26627.66,26773.94,26773.94,258290000
2018-10-01,26598.36,26737.98,26596.05,26651.21,26651.21,238320000
2018-09-28,26407.66,26515.76,26383.57,26458.31,26458.31,264030000
2018-09-27,26418.27,26557.01,26379.95,26439.93,26439.93,226350000
2018-09-26,26536.86,26606.09,26349.34,26385.28,26385.28,262620000
2018-09-25,26601.58,26634.85,26475.58,26492.21,26492.21,234110000
2018-09-24,26705.25,26709.94,26548.68,26562.05,26562.05,254850000
2018-09-21,26726.25,26769.16,26680.37,26743.5,26743.5,657620000
2018-09-20,26519.39,26697.49,26519.39,26656.98,26656.98,260480000
2018-09-19,26287.84,26464.41,26280.76,26405.76,26405.76,251330000
2018-09-18,26076.21,26317.34,26076.21,26246.96,26246.96,243000000
2018-09-17,26151.66,26184.47,26030.35,26062.12,26062.12,230230000
2018-09-14,26169.56,26211.11,26068.29,26154.67,26154.67,228640000
2018-09-13,26083.94,26191.64,26067.08,26145.99,26145.99,260800000
2018-09-12,25989.07,26145.72,25929.43,25998.92,25998.92,282770000
2018-09-11,25841.14,26019.92,25754.32,25971.06,25971.06,265960000
2018-09-10,25991.91,26039.96,25854.13,25857.07,25857.07,252170000
2018-09-07,25951.02,26002.99,25818.39,25916.54,25916.54,281350000
2018-09-06,25973.02,26073.68,25880.84,25995.87,25995.87,262380000
2018-09-05,25919.84,26011.22,25871.04,25974.99,25974.99,289210000
2018-09-04,25916.07,25971.77,25805.95,25952.48,25952.48,254600000
2018-08-31,25964.85,26028.83,25879.77,25964.82,25964.82,273440000
2018-08-30,26099.01,26104.37,25934.8,25986.92,25986.92,240440000
2018-08-29,26082.53,26167.94,26035.3,26124.57,26124.57,214960000
2018-08-28,26092.7,26122.24,26037.85,26064.02,26064.02,211470000
2018-08-27,25882.71,26067.57,25882.71,26049.64,26049.64,220510000
2018-08-24,25688.58,25826.05,25688.58,25790.35,25790.35,200330000
2018-08-23,25714.86,25762.56,25608.02,25656.98,25656.98,213270000
2018-08-22,25825.06,25836.16,25722.43,25733.6,25733.6,200480000
2018-08-21,25786.99,25888.82,25784.9,25822.29,25822.29,241620000
2018-08-20,25727.7,25790.17,25716.41,25758.69,25758.69,248570000
2018-08-17,25550.8,25728.16,25521.66,25669.32,25669.32,284160000
2018-08-16,25294.97,25607.34,25294.97,25558.73,25558.73,342430000
2018-08-15,25235.37,25235.37,24965.77,25162.41,25162.41,295810000
2018-08-14,25215.69,25339.51,25201.87,25299.92,25299.92,219210000
2018-08-13,25327.19,25381.39,25153.93,25187.7,25187.7,219990000
2018-08-10,25401.19,25401.19,25222.88,25313.14,25313.14,234480000
2018-08-09,25589.79,25613.31,25492.69,25509.23,25509.23,214970000
2018-08-08,25615.72,25634.11,25557.48,25583.75,25583.75,217770000
2018-08-07,25551.65,25692.72,25551.65,25628.91,25628.91,239910000
2018-08-06,25437.43,25540.02,25381.38,25502.18,25502.18,238990000
2018-08-03,25360.37,25467.9,25325.17,25462.58,25462.58,239020000
2018-08-02,25256.45,25360.48,25120.07,25326.16,25326.16,307700000
2018-08-01,25461.63,25488.8,25278.32,25333.82,25333.82,315880000
2018-07-31,25345.21,25490.98,25345.21,25415.19,25415.19,348700000
2018-07-30,25439.32,25500.16,25287.38,25306.83,25306.83,296880000
2018-07-27,25520.52,25580.22,25370.07,25451.06,25451.06,329680000
2018-07-26,25468.55,25587.24,25463.16,25527.07,25527.07,297530000
2018-07-25,25183.7,25432.87,25113.55,25414.1,25414.1,273670000
2018-07-24,25092.43,25286.62,25092.43,25241.94,25241.94,274940000
2018-07-23,25036.9,25081.45,24983.33,25044.29,25044.29,228820000
2018-07-20,25041.14,25124.1,24986.35,25058.12,25058.12,274080000
2018-07-19,25139.15,25154.17,25052.62,25064.5,25064.5,285760000
2018-07-18,25133.79,25215.32,25101.12,25199.29,25199.29,252870000
2018-07-17,25033.92,25155.39,24989.61,25119.89,25119.89,250450000
2018-07-16,25025.58,25072.41,24979.64,25064.36,25064.36,231270000
2018-07-13,24926.07,25043.21,24890.06,25019.41,25019.41,255520000
2018-07-12,24802.9,24939.97,24802.9,24924.89,24924.89,233150000
2018-07-11,24789.48,24815.16,24663.82,24700.45,24700.45,237370000
2018-07-10,24806.97,24945.38,24806.97,24919.66,24919.66,235040000
2018-07-09,24519.2,24796.52,24518.43,24776.59,24776.59,240580000
2018-07-06,24352.47,24520.29,24281.47,24456.48,24456.48,219450000
2018-07-05,24285.82,24372.8,24177.44,24356.74,24356.74,237670000
2018-07-03,24359.39,24444.88,24150.85,24174.82,24174.82,160960000
2018-07-02,24161.53,24319.42,24077.56,24307.18,24307.18,244110000
2018-06-29,24323.93,24509.52,24269.71,24271.41,24271.41,329070000
2018-06-28,24064.19,24308.16,23997.21,24216.05,24216.05,305020000
2018-06-27,24303.11,24569.02,24115.82,24117.59,24117.59,313790000
2018-06-26,24281.89,24384.21,24241.22,24283.11,24283.11,301130000
2018-06-25,24463.73,24463.73,24084.39,24252.8,24252.8,439130000
2018-06-22,24526.97,24663.18,24526.97,24580.89,24580.89,473970000
2018-06-21,24639.21,24639.21,24406.63,24461.7,24461.7,349570000
2018-06-20,24771.17,24804.76,24628.39,24657.8,24657.8,359520000
2018-06-19,24763.59,24763.59,24567.75,24700.21,24700.21,376380000
2018-06-18,24944.28,25003.1,24825.77,24987.47,24987.47,337070000
2018-06-15,25116.71,25130.82,24894.38,25090.48,25090.48,659370000
2018-06-14,25254.65,25332.5,25138.6,25175.31,25175.31,341170000
2018-06-13,25328.65,25362.07,25191.42,25201.2,25201.2,329700000
2018-06-12,25346.82,25364.37,25247.04,25320.73,25320.73,265750000
2018-06-11,25336.67,25402.83,25290.2,25322.31,25322.31,276740000
2018-06-08,25209.29,25325.63,25165.7,25316.53,25316.53,317510000
2018-06-07,25192.14,25326.09,25164.48,25241.41,25241.41,357680000
2018-06-06,24854.14,25146.46,24854.14,25146.39,25146.39,316090000
2018-06-05,24820.12,24838.78,24710.82,24799.98,24799.98,306340000
2018-06-04,24727.55,24859.37,24722.14,24813.69,24813.69,340400000
2018-06-01,24542.09,24673.6,24542.09,24635.21,24635.21,315710000
2018-05-31,24620.79,24620.79,24352.15,24415.84,24415.84,429740000
2018-05-30,24467.83,24714.48,24459.09,24667.78,24667.78,324870000
2018-05-29,24606.59,24635.18,24247.84,24361.45,24361.45,395810000
2018-05-25,24781.29,24824.22,24687.81,24753.09,24753.09,257210000
2018-05-24,24877.36,24877.36,24605.9,24811.76,24811.76,347050000
2018-05-23,24757.71,24889.46,24667.12,24886.81,24886.81,399610000
2018-05-22,25047.55,25064.99,24812.06,24834.41,24834.41,288200000
2018-05-21,24883.06,25086.49,24883.06,25013.29,25013.29,308920000
2018-05-18,24707.72,24774.97,24664.87,24715.09,24715.09,269700000
2018-05-17,24752.4,24839.49,24639.4,24713.98,24713.98,314650000
2018-05-16,24722.32,24801.19,24672.79,24768.93,24768.93,280810000
2018-05-15,24809.55,24809.55,24629.39,24706.41,24706.41,301900000
2018-05-14,24879.37,24994.19,24862.52,24899.41,24899.41,282860000
2018-05-11,24758.64,24868.65,24717.5,24831.17,24831.17,274150000
2018-05-10,24591.66,24794.99,24575.91,24739.53,24739.53,304210000
2018-05-09,24399.18,24586.48,24323.87,24542.54,24542.54,361580000
2018-05-08,24341.35,24412.34,24198.34,24360.21,24360.21,344940000
2018-05-07,24317.66,24479.45,24263.42,24357.32,24357.32,307670000
2018-05-04,23865.22,24333.35,23778.87,24262.51,24262.51,329480000
2018-05-03,23836.23,23996.15,23531.31,23930.15,23930.15,389240000
2018-05-02,24097.63,24185.52,23886.3,23924.98,23924.98,385350000
2018-05-01,24117.29,24117.29,23808.19,24099.05,24099.05,380070000
2018-04-30,24410.41,24498.23,24163.08,24163.15,24163.15,416650000
2018-04-27,24342.14,24359.38,24194.45,24311.19,24311.19,392810000
2018-04-26,24128.72,24402.46,24128.72,24322.34,24322.34,390360000
2018-04-25,24070.2,24146.34,23823.08,24083.83,24083.83,437100000
2018-04-24,24579.94,24579.94,23828.73,24024.13,24024.13,468180000
2018-04-23,24488.07,24536.89,24328.54,24448.69,24448.69,351030000
2018-04-20,24657.39,24678.07,24375.04,24462.94,24462.94,537770000
2018-04-19,24711.3,24762.48,24557.03,24664.89,24664.89,381110000
2018-04-18,24820.85,24832.54,24721.09,24748.07,24748.07,302030000
2018-04-17,24681.79,24858.97,24681.79,24786.63,24786.63,342410000
2018-04-16,24483.15,24675.36,24480.2,24573.04,24573.04,305070000
2018-04-13,24582.82,24646.45,24243.74,24360.14,24360.14,331890000
2018-04-12,24302.82,24592.12,24302.82,24483.05,24483.05,336130000
2018-04-11,24274.19,24366.57,24150.87,24189.45,24189.45,286360000
2018-04-10,24198.95,24511.35,24198.95,24408,24408,368590000
2018-04-09,24037.52,24373.18,23954.83,23979.1,23979.1,380790000
2018-04-06,24373.6,24434.4,23738.2,23932.76,23932.76,395990000
2018-04-05,24313.91,24622.26,24313.91,24505.22,24505.22,347790000
2018-04-04,23654.15,24308.96,23523.16,24264.3,24264.3,388540000
2018-04-03,23698.33,24044.35,23664.33,24033.36,24033.36,394130000
2018-04-02,24076.6,24123.8,23344.52,23644.19,23644.19,509820000
2018-03-29,23949.18,24314.3,23928.13,24103.11,24103.11,463550000
2018-03-28,23883.08,24092.47,23728.67,23848.42,23848.42,530040000
2018-03-27,24276.62,24446.22,23708.73,23857.71,23857.71,524480000
2018-03-26,23825.74,24232.3,23741.22,24202.6,24202.6,479540000
2018-03-23,23995.18,24108.47,23509.06,23533.2,23533.2,482550000
2018-03-22,24526.01,24526.01,23938.74,23957.89,23957.89,439280000
2018-03-21,24723.49,24977.65,24655.4,24682.31,24682.31,343230000
2018-03-20,24650.64,24803.61,24650.64,24727.27,24727.27,342510000
2018-03-19,24893.69,24893.69,24453.14,24610.91,24610.91,377990000
2018-03-16,24877.34,25031,24857.09,24946.51,24946.51,654240000
2018-03-15,24837.29,25053.87,24753.29,24873.66,24873.66,316310000
2018-03-14,25086.97,25130.12,24668.83,24758.12,24758.12,356830000
2018-03-13,25257.75,25376.4,24947.5,25007.03,25007.03,447880000
2018-03-12,25372.44,25449.15,25152.02,25178.61,25178.61,362580000
2018-03-09,25004.89,25336.33,25004.89,25335.74,25335.74,371570000
2018-03-08,24853.41,24950.49,24703.05,24895.21,24895.21,327300000
2018-03-07,24758.15,24849.68,24535.12,24801.36,24801.36,394070000
2018-03-06,24965.89,24995.24,24708.41,24884.12,24884.12,331770000
2018-03-05,24471.31,24961,24387.15,24874.76,24874.76,383910000
2018-03-02,24394.91,24592.46,24217.76,24538.06,24538.06,437130000
2018-03-01,25024.04,25185.35,24442.56,24608.98,24608.98,506280000
2018-02-28,25485.15,25576.15,25022.42,25029.2,25029.2,451870000
2018-02-27,25735.78,25800.35,25407.83,25410.03,25410.03,438390000
2018-02-26,25403.35,25732.8,25398.56,25709.27,25709.27,473360000
2018-02-23,25050.51,25313.91,25028.73,25309.99,25309.99,335420000
2018-02-22,24855.41,25156.72,24854.83,24962.48,24962.48,378900000
2018-02-21,24988.06,25267.99,24792.99,24797.78,24797.78,456070000
2018-02-20,25124.91,25179.01,24884.19,24964.75,24964.75,421510000
2018-02-16,25165.94,25432.42,25149.26,25219.38,25219.38,406730000
2018-02-15,25047.82,25203.95,24809.42,25200.37,25200.37,416780000
2018-02-14,24535.82,24925.95,24490.36,24893.49,24893.49,431160000
2018-02-13,24540.33,24705.72,24421.03,24640.45,24640.45,374410000
2018-02-12,24337.76,24765.16,24290.48,24601.27,24601.27,496610000
2018-02-09,23992.67,24382.14,23360.29,24190.9,24190.9,735030000
2018-02-08,24902.3,24903.68,23849.23,23860.46,23860.46,657500000
2018-02-07,24892.87,25293.96,24785.44,24893.35,24893.35,504620000
2018-02-06,24085.17,24946.23,23778.74,24912.77,24912.77,823940000
2018-02-05,25337.87,25520.53,23923.88,24345.75,24345.75,714450000
2018-02-02,26061.79,26061.79,25490.66,25520.96,25520.96,522880000
2018-02-01,26083.04,26306.7,26014.44,26186.71,26186.71,410620000
2018-01-31,26268.17,26338.03,26050.98,26149.39,26149.39,479130000
2018-01-30,26198.45,26256.99,26028.42,26076.89,26076.89,448330000
2018-01-29,26584.28,26608.9,26435.34,26439.48,26439.48,421000000
2018-01-26,26466.74,26616.71,26425.35,26616.71,26616.71,477780000
2018-01-25,26313.06,26458.25,26259.72,26392.79,26392.79,401390000
2018-01-24,26282.07,26392.8,26106.94,26252.12,26252.12,518790000
2018-01-23,26214.87,26246.19,26143.9,26210.81,26210.81,433490000
2018-01-22,26025.32,26215.23,25974.65,26214.6,26214.6,431200000
2018-01-19,25987.35,26071.72,25942.83,26071.72,26071.72,585000000
2018-01-18,26149.55,26153.42,25947.32,26017.81,26017.81,492780000
2018-01-17,25910.78,26130.45,25865.02,26115.65,26115.65,522720000
2018-01-16,25987.62,26086.12,25702.99,25792.86,25792.86,606520000
2018-01-12,25638.39,25810.43,25633.08,25803.19,25803.19,376390000
2018-01-11,25398.6,25575.42,25396.19,25574.73,25574.73,346830000
2018-01-10,25348.13,25404.92,25256.99,25369.13,25369.13,341470000
2018-01-09,25312.05,25439.78,25308.41,25385.8,25385.8,333490000
2018-01-08,25308.4,25311.99,25235.41,25283,25283,341390000
2018-01-05,25114.92,25299.79,25112.01,25295.87,25295.87,358020000
2018-01-04,24964.86,25105.96,24963.27,25075.13,25075.13,403280000
2018-01-03,24850.45,24941.92,24825.55,24922.68,24922.68,456790000
2018-01-02,24809.35,24864.19,24741.7,24824.01,24824.01,341130000
2017-12-29,24849.63,24871.66,24719.22,24719.22,24719.22,270760000
2017-12-28,24807.21,24839.23,24797.13,24837.51,24837.51,200960000
2017-12-27,24766.52,24789.52,24731.68,24774.3,24774.3,225890000
2017-12-26,24715.84,24778.13,24708.42,24746.21,24746.21,208290000
2017-12-22,24764.04,24784.15,24717.51,24754.06,24754.06,255140000
2017-12-21,24778.26,24850.91,24766.27,24782.29,24782.29,339530000
2017-12-20,24838.09,24852.44,24697.11,24726.65,24726.65,341790000
2017-12-19,24834.38,24850.11,24715.6,24754.75,24754.75,335330000
2017-12-18,24739.56,24876.07,24739.56,24792.2,24792.2,354880000
2017-12-15,24585.71,24688.62,24584.44,24651.74,24651.74,635740000
2017-12-14,24631.01,24672.48,24508.66,24508.66,24508.66,314780000
2017-12-13,24525.19,24666.02,24518.3,24585.43,24585.43,325280000
2017-12-12,24452.96,24552.97,24443.83,24504.8,24504.8,342220000
2017-12-11,24338.11,24389.72,24314.74,24386.03,24386.03,300580000
2017-12-08,24263.26,24330.12,24225.5,24329.16,24329.16,293590000
2017-12-07,24116.6,24262.88,24101.24,24211.48,24211.48,319060000
2017-12-06,24171.9,24229.35,24134.49,24140.91,24140.91,312720000
2017-12-05,24335.01,24349.74,24155.28,24180.64,24180.64,371190000
2017-12-04,24424.11,24534.04,24288.19,24290.05,24290.05,424250000
2017-12-01,24305.4,24322.06,23921.9,24231.59,24231.59,417910000
2017-11-30,24013.8,24327.82,24013.8,24272.35,24272.35,488200000
2017-11-29,23883.26,23959.76,23872.59,23940.68,23940.68,401410000
2017-11-28,23625.19,23849.61,23617.11,23836.71,23836.71,319240000
2017-11-27,23552.86,23638.92,23545.02,23580.78,23580.78,296320000
2017-11-24,23552.75,23599.18,23551.59,23557.99,23557.99,118610000
2017-11-22,23597.24,23605.77,23507.61,23526.18,23526.18,268760000
2017-11-21,23500.15,23617.8,23500.15,23590.83,23590.83,329650000
2017-11-20,23370.71,23456.88,23360.58,23430.33,23430.33,315330000
2017-11-17,23433.77,23433.77,23356.01,23358.24,23358.24,386000000
2017-11-16,23365.34,23492.19,23365.34,23458.36,23458.36,402020000
2017-11-15,23334.59,23344.99,23242.75,23271.28,23271.28,404300000
2017-11-14,23388.4,23414.08,23271.57,23409.47,23409.47,561330000
2017-11-13,23367.47,23461.68,23343.34,23439.7,23439.7,491260000
2017-11-10,23432.71,23452.2,23392.96,23422.21,23422.21,351280000
2017-11-09,23492.09,23516.74,23310.02,23461.94,23461.94,305440000
2017-11-08,23542.6,23575,23510.56,23563.36,23563.36,264670000
2017-11-07,23574.03,23602.12,23484.19,23557.23,23557.23,285080000
2017-11-06,23533.96,23574.86,23520.75,23548.42,23548.42,325190000
2017-11-03,23549.59,23557.06,23481.57,23539.19,23539.19,312250000
2017-11-02,23463.24,23531.38,23350.98,23516.26,23516.26,348040000
2017-11-01,23442.9,23517.71,23388.91,23435.01,23435.01,361260000
2017-10-31,23369.22,23406.35,23334.39,23377.24,23377.24,388050000
2017-10-30,23405.75,23428.75,23327.87,23348.74,23348.74,436900000
2017-10-27,23419.16,23449.4,23353.16,23434.19,23434.19,518870000
2017-10-26,23380.89,23459.84,23380.89,23400.86,23400.86,370600000
2017-10-25,23431.09,23451.51,23251.11,23329.46,23329.46,399560000
2017-10-24,23346.78,23485.25,23343.23,23441.76,23441.76,406850000
2017-10-23,23348.95,23368.37,23273.96,23273.96,23273.96,456830000
2017-10-20,23205.18,23328.84,23201.78,23328.63,23328.63,474380000
2017-10-19,23107.47,23167.24,23052.67,23163.04,23163.04,350400000
2017-10-18,23087.13,23172.93,23086.75,23157.6,23157.6,271870000
2017-10-17,22952.41,23002.2,22948.23,22997.44,22997.44,273090000
2017-10-16,22892.92,22960.12,22887.12,22956.96,22956.96,247180000
2017-10-13,22876.43,22905.33,22855.93,22871.72,22871.72,259560000
2017-10-12,22854.85,22884.82,22821.13,22841.01,22841.01,291790000
2017-10-11,22827.65,22872.89,22821.66,22872.89,22872.89,316000000
2017-10-10,22784.76,22850.51,22770.99,22830.68,22830.68,319270000
2017-10-09,22779.73,22803.37,22739.38,22761.07,22761.07,310770000
2017-10-06,22762.03,22773.67,22730.85,22773.67,22773.67,221450000
2017-10-05,22669.08,22777.04,22655.14,22775.39,22775.39,246400000
2017-10-04,22645.67,22685.94,22632.8,22661.64,22661.64,235730000
2017-10-03,22564.45,22646.32,22562.9,22641.67,22641.67,238830000
2017-10-02,22423.47,22559.38,22416,22557.6,22557.6,268530000
2017-09-29,22358.47,22405.63,22332.96,22405.09,22405.09,274790000
2017-09-28,22306.83,22394.74,22288.97,22381.2,22381.2,263010000
2017-09-27,22330.93,22371.1,22254.93,22340.71,22340.71,342900000
2017-09-26,22322.03,22369.35,22279.52,22284.32,22284.32,285990000
2017-09-25,22320.47,22359.88,22219.11,22296.09,22296.09,332430000
2017-09-22,22334.07,22364.31,22299.58,22349.59,22349.59,297140000
2017-09-21,22414.02,22419.51,22356.55,22359.23,22359.23,287390000
2017-09-20,22351.38,22413.26,22314.68,22412.59,22412.59,334560000
2017-09-19,22349.7,22386.01,22340.71,22370.8,22370.8,295570000
2017-09-18,22297.92,22355.62,22283.35,22331.35,22331.35,302740000
2017-09-15,22252.44,22275.02,22214.52,22268.34,22268.34,527540000
2017-09-14,22144.96,22216.44,22135.26,22203.48,22203.48,297780000
2017-09-13,22103.47,22158.18,22095.79,22158.18,22158.18,291890000
2017-09-12,22090.56,22134.57,22087.09,22118.86,22118.86,364580000
2017-09-11,21927.79,22067.1,21927.79,22057.37,22057.37,312770000
2017-09-08,21764.43,21846.63,21731.12,21797.79,21797.79,289400000
2017-09-07,21820.38,21850.01,21745.71,21784.78,21784.78,333810000
2017-09-06,21815.76,21849.24,21794.07,21807.64,21807.64,318760000
2017-09-05,21912.37,21921.09,21709.63,21753.31,21753.31,332840000
2017-09-01,21981.77,22038.97,21974.91,21987.56,21987.56,256240000
2017-08-31,21936.01,21985.76,21910.5,21948.1,21948.1,376790000
2017-08-30,21859.76,21914.26,21839.47,21892.43,21892.43,242840000
2017-08-29,21718,21879.22,21673.58,21865.37,21865.37,227340000
2017-08-28,21832.5,21861.49,21767.94,21808.4,21808.4,218740000
2017-08-25,21819.08,21906.86,21812.81,21813.67,21813.67,217570000
2017-08-24,21839.9,21870.11,21765.82,21783.4,21783.4,228480000
2017-08-23,21850.27,21866.66,21808.39,21812.09,21812.09,234810000
2017-08-22,21739.78,21912.83,21738.13,21899.89,21899.89,244980000
2017-08-21,21671.36,21718.74,21600.34,21703.75,21703.75,277880000
2017-08-18,21724.88,21793.35,21641.63,21674.51,21674.51,309070000
2017-08-17,21984.74,21984.74,21750.32,21750.73,21750.73,311030000
2017-08-16,22031.93,22085.71,22002.47,22024.87,22024.87,264920000
2017-08-15,22029.91,22038.92,21971.48,21998.99,21998.99,269070000
2017-08-14,21945.64,22019.23,21945.64,21993.71,21993.71,235030000
2017-08-11,21883.32,21911.09,21842.74,21858.32,21858.32,237790000
2017-08-10,21988.2,21988.2,21843.94,21844.01,21844.01,303310000
2017-08-09,22022.34,22057.19,21996.69,22048.7,22048.7,277800000
2017-08-08,22095.14,22179.11,22057.29,22085.34,22085.34,262000000
2017-08-07,22100.2,22121.15,22081.97,22118.42,22118.42,213010000
2017-08-04,22058.39,22092.81,22024.64,22092.81,22092.81,253640000
2017-08-03,22007.58,22044.85,21991.32,22026.1,22026.1,278730000
2017-08-02,22004.36,22036.1,21967.46,22016.24,22016.24,336820000
2017-08-01,21961.42,21990.96,21940.81,21963.92,21963.92,328410000
2017-07-31,21863.39,21929.8,21861.71,21891.12,21891.12,307610000
2017-07-28,21787.51,21841.18,21756.12,21830.31,21830.31,285630000
2017-07-27,21717.42,21798.47,21687.85,21796.55,21796.55,407320000
2017-07-26,21690.38,21742.7,21683.29,21711.01,21711.01,278240000
2017-07-25,21638.56,21670.62,21577.37,21613.43,21613.43,304300000
2017-07-24,21577.78,21577.78,21496.13,21513.17,21513.17,284080000
2017-07-21,21591.72,21592.61,21503.78,21580.07,21580.07,362830000
2017-07-20,21641.54,21661.91,21576.96,21611.78,21611.78,313950000
2017-07-19,21569.25,21640.75,21565.84,21640.75,21640.75,253040000
2017-07-18,21589.94,21589.94,21471.14,21574.73,21574.73,251110000
2017-07-17,21633.97,21661.81,21617.66,21629.72,21629.72,244780000
2017-07-14,21532.77,21681.53,21521.72,21637.74,21637.74,235590000
2017-07-13,21537.19,21568.72,21512.36,21553.09,21553.09,232270000
2017-07-12,21467.93,21580.79,21467.93,21532.14,21532.14,267870000
2017-07-11,21410.17,21441.62,21279.3,21409.07,21409.07,247570000
2017-07-10,21381.23,21446.39,21371.11,21408.52,21408.52,270340000
2017-07-07,21354.66,21425.82,21350.72,21414.34,21414.34,242240000
2017-07-06,21423.93,21433.1,21305.38,21320.04,21320.04,320450000
2017-07-05,21492.83,21505.36,21404.76,21478.17,21478.17,273690000
2017-07-03,21392.3,21562.75,21391.71,21479.27,21479.27,186810000
2017-06-30,21348.6,21426.12,21325.08,21349.63,21349.63,313260000
2017-06-29,21487.38,21487.38,21197.08,21287.03,21287.03,336750000
2017-06-28,21372.36,21478.75,21372.36,21454.61,21454.61,271510000
2017-06-27,21411.19,21440.6,21310.66,21310.66,21310.66,292170000
2017-06-26,21434.68,21506.21,21381.25,21409.55,21409.55,241880000
2017-06-23,21380.92,21421.79,21333.89,21394.76,21394.76,368400000
2017-06-22,21407.98,21456.47,21394.81,21397.29,21397.29,270680000
2017-06-21,21466.39,21492.62,21390,21410.03,21410.03,292500000
2017-06-20,21521.25,21535.03,21464.24,21467.14,21467.14,310200000
2017-06-19,21444.75,21528.99,21436.08,21528.99,21528.99,289400000
2017-06-16,21335.93,21384.42,21308.01,21384.28,21384.28,603260000
2017-06-15,21291.69,21367.28,21261.87,21359.9,21359.9,317200000
2017-06-14,21342.71,21391.97,21294.09,21374.56,21374.56,295090000
2017-06-13,21256.83,21332.77,21256.83,21328.47,21328.47,323510000
2017-06-12,21259.95,21277.08,21186.15,21235.67,21235.67,528080000
2017-06-09,21208.96,21305.35,21159.45,21271.97,21271.97,397200000
2017-06-08,21169.76,21265.69,21138.16,21182.53,21182.53,330330000
2017-06-07,21171.57,21189.84,21113.31,21173.69,21173.69,273400000
2017-06-06,21145.48,21180.47,21118.46,21136.23,21136.23,283550000
2017-06-05,21195.03,21224.41,21168.69,21184.04,21184.04,269790000
2017-06-02,21142.09,21225.04,21129.56,21206.29,21206.29,329700000
2017-06-01,21030.55,21144.18,20994.22,21144.18,21144.18,276730000
2017-05-31,21048.46,21051.7,20942.57,21008.65,21008.65,371580000
2017-05-30,21045.49,21063.62,21009.6,21029.47,21029.47,242810000
2017-05-26,21070.15,21092.82,21050.49,21080.28,21080.28,208000000
2017-05-25,21062.96,21112.32,21051.41,21082.95,21082.95,268970000
2017-05-24,20949.21,21022.82,20933.58,21012.42,21012.42,283180000
2017-05-23,20908.67,20961.14,20896.22,20937.91,20937.91,244950000
2017-05-22,20867.77,20914.26,20860.16,20894.83,20894.83,276120000
2017-05-19,20698.28,20857.13,20687.94,20804.84,20804.84,365180000
2017-05-18,20579.65,20759.2,20553.45,20663.02,20663.02,422590000
2017-05-17,20846.17,20846.17,20601.08,20606.93,20606.93,423200000
2017-05-16,20984.48,21033.53,20932.88,20979.75,20979.75,311580000
2017-05-15,20923.63,21000.83,20923.63,20981.94,20981.94,313170000
2017-05-12,20893.19,20916.1,20869.74,20896.61,20896.61,288500000
2017-05-11,20925.72,20933.36,20798.9,20919.42,20919.42,287680000
2017-05-10,20958.49,20976.28,20884.15,20943.11,20943.11,283340000
2017-05-09,21022.28,21046.85,20938.04,20975.78,20975.78,273000000
2017-05-08,20991.26,21017.89,20971.05,21012.28,21012.28,276150000
2017-05-05,20929.04,21006.94,20905,21006.94,21006.94,260960000
2017-05-04,20987.83,20990.79,20847.95,20951.47,20951.47,274720000
2017-05-03,20915,20972.74,20874.18,20957.9,20957.9,310920000
2017-05-02,20941.19,20960.92,20904.06,20949.89,20949.89,338810000
2017-05-01,20962.73,20976.62,20898.38,20913.46,20913.46,288160000
2017-04-28,20987.39,20987.76,20926.75,20940.51,20940.51,329990000
2017-04-27,20991.12,21005.8,20935.8,20981.33,20981.33,305690000
2017-04-26,21009.95,21070.9,20972.27,20975.09,20975.09,328550000
2017-04-25,20915.51,21026.97,20909.38,20996.12,20996.12,348180000
2017-04-24,20723.59,20792.2,20723.59,20763.89,20763.89,342400000
2017-04-21,20578.1,20601.4,20505.33,20547.76,20547.76,369600000
2017-04-20,20406.68,20629.78,20406.68,20578.71,20578.71,312440000
2017-04-19,20503.52,20546.69,20379.55,20404.49,20404.49,294790000
2017-04-18,20561.39,20600.12,20462.28,20523.28,20523.28,263180000
2017-04-17,20484.75,20644.41,20484.75,20636.92,20636.92,229240000
2017-04-13,20561.69,20612.27,20453.25,20453.25,20453.25,235810000
2017-04-12,20637.95,20642.54,20553.03,20591.86,20591.86,267670000
2017-04-11,20644.32,20660.03,20512.56,20651.3,20651.3,255120000
2017-04-10,20668.22,20750.33,20614.86,20658.02,20658.02,230480000
2017-04-07,20647.81,20726.07,20606.95,20656.1,20656.1,219730000
2017-04-06,20653.77,20746.46,20612.17,20662.95,20662.95,251720000
2017-04-05,20745.06,20887.5,20639.55,20648.15,20648.15,284980000
2017-04-04,20634.94,20701.29,20605.3,20689.24,20689.24,237390000
2017-04-03,20665.17,20692.34,20517.82,20650.21,20650.21,285670000
2017-03-31,20700.34,20722.59,20660.68,20663.22,20663.22,303770000
2017-03-30,20662.79,20753.78,20643.6,20728.49,20728.49,270900000
2017-03-29,20675.75,20684.73,20625.03,20659.32,20659.32,238320000
2017-03-28,20542.14,20735.61,20520.1,20701.5,20701.5,299670000
2017-03-27,20488.35,20578.46,20412.8,20550.98,20550.98,269380000
2017-03-24,20674.45,20718.33,20529.67,20596.72,20596.72,292980000
2017-03-23,20645.07,20757.89,20618.62,20656.58,20656.58,280050000
2017-03-22,20640.42,20686.21,20578.95,20661.3,20661.3,325090000
2017-03-21,20956.33,20970.04,20653.26,20668.01,20668.01,369320000
2017-03-20,20916.27,20955.45,20885.7,20905.86,20905.86,253610000
2017-03-17,20965.37,20980.51,20911.07,20914.62,20914.62,535280000
2017-03-16,20969.27,21000.11,20893.5,20934.55,20934.55,264360000
2017-03-15,20874.78,20977.47,20859.6,20950.1,20950.1,306590000
2017-03-14,20848.6,20874,20786.31,20837.37,20837.37,246820000
2017-03-13,20899.28,20926.06,20845.71,20881.48,20881.48,289260000
2017-03-10,20919.01,20940.29,20827.66,20902.98,20902.98,315430000
2017-03-09,20864.32,20900.57,20777.16,20858.19,20858.19,275960000
2017-03-08,20940.44,20951.44,20835.58,20855.73,20855.73,296780000
2017-03-07,20934.89,20970.54,20901.26,20924.76,20924.76,274630000
2017-03-06,20955.71,20986.43,20912.11,20954.34,20954.34,266620000
2017-03-03,21008.75,21039.96,20953.86,21005.71,21005.71,254420000
2017-03-02,21128.91,21129.2,20996.61,21002.97,21002.97,319910000
2017-03-01,20957.29,21169.11,20957.29,21115.55,21115.55,392820000
2017-02-28,20833.88,20841.24,20781.21,20812.24,20812.24,339210000
2017-02-27,20808.71,20851.33,20774.76,20837.44,20837.44,256540000
2017-02-24,20751.91,20821.76,20733.95,20821.76,20821.76,292540000
2017-02-23,20817.21,20840.7,20746.41,20810.32,20810.32,302110000
2017-02-22,20715.41,20781.59,20692.39,20775.6,20775.6,310530000
2017-02-21,20663.43,20757.64,20663.37,20743,20743,336880000
2017-02-17,20564.13,20624.05,20532.61,20624.05,20624.05,340620000
2017-02-16,20627.31,20639.87,20556.83,20619.77,20619.77,354120000
2017-02-15,20504.27,20620.45,20496.03,20611.86,20611.86,384380000
2017-02-14,20374.22,20504.41,20374.02,20504.41,20504.41,356580000
2017-02-13,20338.54,20441.48,20322.95,20412.16,20412.16,314620000
2017-02-10,20211.23,20298.21,20204.76,20269.37,20269.37,312230000
2017-02-09,20061.73,20206.36,20061.73,20172.4,20172.4,325310000
2017-02-08,20049.29,20068.28,20015.33,20054.34,20054.34,280410000
2017-02-07,20107.62,20155.35,20068.68,20090.29,20090.29,279670000
2017-02-06,20025.61,20094.95,20002.81,20052.42,20052.42,281720000
2017-02-03,19964.21,20081.48,19964.21,20071.46,20071.46,344220000
2017-02-02,19858.34,19922.75,19831.09,19884.91,19884.91,347220000
2017-02-01,19923.81,19967.73,19845.99,19890.94,19890.94,426670000
2017-01-31,19913.16,19918.17,19784.77,19864.09,19864.09,373750000
2017-01-30,20028.62,20028.62,19870.39,19971.13,19971.13,317280000
2017-01-27,20103.36,20115.97,20072.64,20093.78,20093.78,343130000
2017-01-26,20076.25,20125.58,20067.53,20100.91,20100.91,356730000
2017-01-25,19994.48,20082,19994.48,20068.51,20068.51,372240000
2017-01-24,19794.68,19949.24,19786.71,19912.71,19912.71,374460000
2017-01-23,19794.79,19833.98,19732.36,19799.85,19799.85,326690000
2017-01-20,19795.06,19843.94,19759.14,19827.25,19827.25,435260000
2017-01-19,19813.55,19824.14,19677.94,19732.4,19732.4,301750000
2017-01-18,19822.73,19828.2,19739,19804.72,19804.72,279760000
2017-01-17,19848.82,19882.99,19775.35,19826.77,19826.77,341900000
2017-01-13,19912.54,19952.03,19849.38,19885.73,19885.73,263780000
2017-01-12,19926.21,19929.29,19770.47,19891,19891,306290000
2017-01-11,19887.38,19973.42,19833.16,19954.28,19954.28,336150000
2017-01-10,19876.35,19957.12,19836.03,19855.53,19855.53,299410000
2017-01-09,19931.41,19943.78,19887.38,19887.38,19887.38,287060000
2017-01-06,19906.96,19999.63,19834.08,19963.8,19963.8,277700000
2017-01-05,19924.56,19948.6,19811.12,19899.29,19899.29,269920000
2017-01-04,19890.94,19956.14,19878.83,19942.16,19942.16,280010000
2017-01-03,19872.86,19938.53,19775.93,19881.76,19881.76,339180000